bildreihe;gruppe
01;gruppe_001
02;gruppe_002
03;gruppe_002
04;gruppe_003
05;gruppe_004
06;gruppe_005
07;gruppe_006
08;gruppe_007
09;gruppe_008
10;gruppe_009
11;gruppe_009
12;gruppe_009
13;gruppe_018
14;gruppe_011
15;gruppe_010
16;gruppe_014
17;gruppe_001
18;gruppe_002
19;gruppe_003
20;gruppe_004
21;gruppe_006
22;gruppe_005
23;gruppe_008
24;gruppe_012
25;gruppe_013
26;gruppe_013
27;gruppe_015
28;gruppe_014
29;gruppe_014
30;gruppe_028
31;gruppe_028
32;gruppe_014
33;gruppe_015
34;gruppe_014
35;gruppe_013
36;gruppe_013
37;gruppe_008
38;gruppe_012
39;gruppe_005
40;gruppe_006
41;gruppe_004
42;gruppe_003
43;gruppe_004
44;gruppe_002
45;gruppe_001
46;gruppe_001
47;gruppe_002
48;gruppe_004
49;gruppe_003
50;gruppe_005
51;gruppe_006
52;gruppe_007
53;gruppe_008
54;gruppe_009
55;gruppe_009
56;gruppe_018
57;gruppe_015
58;gruppe_014
59;gruppe_017
60;gruppe_017
61;gruppe_003
62;gruppe_003
63;gruppe_014
64;gruppe_011
65;gruppe_011
66;gruppe_011
67;gruppe_011
68;gruppe_011
69;gruppe_011
70;gruppe_011
71;gruppe_011
72;gruppe_020
73;gruppe_020
74;gruppe_020
75;gruppe_020
76;gruppe_019
77;gruppe_019
78;gruppe_019
79;gruppe_018
80;gruppe_009
81;gruppe_002
82;gruppe_011
83;gruppe_003
84;gruppe_003
85;gruppe_003
86;gruppe_011
87;gruppe_003
88;gruppe_004
89;gruppe_002
90;gruppe_002
91;gruppe_002
92;gruppe_021
93;gruppe_022
94;gruppe_021
95;gruppe_022
96;gruppe_021
97;gruppe_022
98;gruppe_022
99;gruppe_021
100;gruppe_023
101;gruppe_024
102;gruppe_025
103;gruppe_026
104;gruppe_026
105;gruppe_002
106;gruppe_002
107;gruppe_027
108;gruppe_027
