bild;gruppe
01_all.bmp;1
02_all.bmp;2
03_all.bmp;2
04_all.bmp;3
05_all.bmp;4
06_all.bmp;5
07_all.bmp;6
08_all.bmp;7
09_all.bmp;8
10_all.bmp;9
11_all.bmp;9
12_all.bmp;10
13_all.bmp;10
14_all.bmp;11
15_all.bmp;10
16_all.bmp;10
17_all.bmp;1
18_all.bmp;2
19_all.bmp;3
20_all.bmp;4
21_all.bmp;6
22_all.bmp;5
23_all.bmp;8
24_all.bmp;12
25_all.bmp;13
26_all.bmp;13
27_all.bmp;14
28_all.bmp;14
29_all.bmp;14
30_all.bmp;14
31_all.bmp;15
32_all.bmp;15
33_all.bmp;15
34_all.bmp;15
35_all.bmp;16
36_all.bmp;16
37_all.bmp;8
38_all.bmp;12
39_all.bmp;5
40_all.bmp;6
41_all.bmp;4
42_all.bmp;3
43_all.bmp;4
44_all.bmp;2
45_all.bmp;1
46_all.bmp;1
47_all.bmp;2
48_all.bmp;4
49_all.bmp;3
50_all.bmp;5
51_all.bmp;6
52_all.bmp;7
53_all.bmp;8
54_all.bmp;9
55_all.bmp;9
56_all.bmp;17
57_all.bmp;17
58_all.bmp;17
59_all.bmp;17
60_all.bmp;18
61_all.bmp;3
62_all.bmp;3
63_all.bmp;19
64_all.bmp;11
65_all.bmp;11
66_all.bmp;11
67_all.bmp;11
68_all.bmp;11
69_all.bmp;11
70_all.bmp;11
71_all.bmp;11
72_all.bmp;20
73_all.bmp;19
74_all.bmp;19
75_all.bmp;21
76_all.bmp;19
77_all.bmp;19
78_all.bmp;19
79_all.bmp;18
80_all.bmp;9
81_all.bmp;2
82_all.bmp;19
83_all.bmp;3
84_all.bmp;19
85_all.bmp;3
86_all.bmp;11
87_all.bmp;3
88_all.bmp;4
89_all.bmp;2
90_all.bmp;2
91_all.bmp;2
92_all.bmp;22
93_all.bmp;23
94_all.bmp;22
95_all.bmp;23
96_all.bmp;22
97_all.bmp;23
98_all.bmp;23
99_all.bmp;22
100_all.bmp;24
101_all.bmp;25
102_all.bmp;26
103_all.bmp;27
104_all.bmp;27
105_all.bmp;2
106_all.bmp;2
107_all.bmp;28
108_all.bmp;28
